{
  "Apmedx": -461903.0,
  "Icwucxe": -175701.0,
  "Odmyhqo": -66028.0,
  "Exral": 101538.81958587827,
  "Ufqowfy": -314718.0,
  "Ivto": 19113.153810876425,
  "Uqqozq": 71110.91757574638,
  "Ucwop": 258656.05038319132,
  "Uznaxmo": -233405.0,
  "Atwe": 29585.616356049064
}